alphaPreference,betaDC,depth,id,interdisciplinarity,maxDegree,nwCorrelation,nwEffectiveCorr,nwMode,replication,sigmaDiscipline
1.8687425359823995,0.22293807954863576,0.009765337572044022,0,1.3595278899684478,13.0,0.48280811784125666,-0.037817918281001735,0.2562161002847114,2005648871,0.29818423187033927
