alphaPreference,betaDC,depth,entryCostHierarchy,finalTime,id,interdisciplinarity,maxDegree,nwCorrelation,nwEffectiveCorr,nwMode,replication,sigmaDiscipline
0.9775522510889056,0.26132036715666107,0.010695578398953291,0.7458691776558424,2000,0,1.390265089356605,46.0,0.16722436583687572,0.03802620416013749,small-world,-2027843181,0.23385311878847875
0.9775522510889056,0.26132036715666107,0.009744699135694366,0.7458691776558424,2000,0,1.4386298210626864,25.0,0.16722436583687572,0.1373110351722077,small-world,-1627115072,0.23385311878847875
0.9775522510889056,0.26132036715666107,0.009457535134181901,0.7458691776558424,2000,0,1.4557679501863166,48.0,0.16722436583687572,0.10558819529046254,small-world,1583337786,0.23385311878847875
0.9775522510889056,0.26132036715666107,0.010268035390391866,0.7458691776558424,2000,0,1.4205250506593228,34.0,0.16722436583687572,-0.03460143709657951,small-world,-1957269493,0.23385311878847875
0.9775522510889056,0.26132036715666107,0.009645794345973008,0.7458691776558424,2000,0,1.453207559532608,30.0,0.16722436583687572,0.017505175669983455,small-world,35029397,0.23385311878847875
