alphaPreference,betaDC,depth,finalTime,id,interdisciplinarity,maxDegree,nwCorrelation,nwEffectiveCorr,nwMode,replication,sigmaDiscipline
1.21146629460311,1.7486275216512792,0.010799259554171468,2000,0,1.3295205944878008,36.0,0.7595855020423263,0.6492358002687795,small-world,-1989699998,0.27880672659599953
1.21146629460311,1.7486275216512792,0.010763083657902623,2000,0,1.329538913470582,42.0,0.7595855020423263,0.6730435574973391,small-world,-1806353193,0.27880672659599953
1.21146629460311,1.7486275216512792,0.010301291547935233,2000,0,1.3512491862477383,42.0,0.7595855020423263,0.6183723870676618,small-world,1728373677,0.27880672659599953
1.21146629460311,1.7486275216512792,0.009680649832000595,2000,0,1.3835964840227122,30.0,0.7595855020423263,0.5468394322993249,small-world,1729257957,0.27880672659599953
1.21146629460311,1.7486275216512792,0.010260307469346952,2000,0,1.3543476609916252,34.0,0.7595855020423263,0.5480610745461987,small-world,-2012526097,0.27880672659599953
