output,nwCorrelation,sigmaDiscipline,alphaPreference,entryCostHierarchy,betaDC,nAgents
interdisciplinarity,-0.2077752533488981,-0.10731724742460795,-0.26754985092324146,-0.4318211414541266,-0.3445368212570242,-0.6122735723622936
depth,0.5108468526862067,-2.790838852509276,5.8296926545442895,-1.984622301135228,-3.470786581445434,6.917116478168065
nwEffectiveCorr,0.34201229824811946,-0.05147371901757206,0.06762206176173531,-0.30143888248265394,-0.0825696983925452,-0.06723647335056153
maxDegree,-0.615411037325395,-0.5693267689489352,0.49118387909319894,-1.2356881154110373,-0.5178039844286696,-1.270322876116327
