output,nwCorrelation,sigmaDiscipline,alphaPreference,entryCostHierarchy,betaDC,nAgents
interdisciplinarity,0.006994554883960784,0.6178641911586554,0.0015498455081940365,0.009255071136432768,0.008565617464303588,0.007243611532799048
depth,0.17210743693786276,0.5365130473646642,1.063651641210152,0.7989707254173333,1.138963690594605,0.8355466483814029
nwEffectiveCorr,0.4602024236363446,0.14663720313738057,0.1219655399015304,0.1482294604141434,0.140494190883411,0.22815702727086248
maxDegree,0.1643004350812915,0.14240325166017861,0.19092054041676207,0.23328371880009158,0.14641057934508814,0.24945614838561941
