alphaPreference,betaDC,depth,id,interdisciplinarity,maxDegree,nwCorrelation,nwEffectiveCorr,nwMode,replication,sigmaDiscipline
0.929990076916535,4.714139687845705,0.009788438139319735,0,1.5683445759066261,13.0,0.33302691842622223,-0.0711086397284109,0.6659617570192715,-575342761,0.16539800721888553
